Workbook

Sheet Binary_Decimal_Hex_Conversion
C4: Binary Conversion of an 8 bit from Binary to Decimal and Hex
C6: Binary | K6: Decimal | M6: Hex
B7: Base | C7: =IF($C6="Binary",POWER(2,1),IF($C6="Decimal",POWER(10,1),POWER(16,1))) -> 2 | K7: =IF($K6="Binary",POWER(2,1),IF($K6="Decimal ",POWER(10,1),POWER(16,1))) -> 10 | M7: =IF($K6="Binary",POWER(2,1),IF($K6="Decimal",POWER(10,1),POWER(16,1))) -> 16
C8: =POWER(2,DONOTDELETE!$C13) -> 128 | D8: =POWER(2,DONOTDELETE!$C12) -> 64 | E8: =POWER(2,DONOTDELETE!$C11) -> 32 | F8: =POWER(2,DONOTDELETE!$C10) -> 16 | G8: =POWER(2,DONOTDELETE!$C9) -> 8 | H8: =POWER(2,DONOTDELETE!$C8) -> 4 | I8: =POWER(2,DONOTDELETE!$C7) -> 2 | J8: =POWER(2,DONOTDELETE!$C6) -> 1 | K8: Conversion | M8: Conversion
B9: Bit | C9: 1 | D9: 1 | E9: 1 | F9: 1 | G9: 1 | H9: 1 | I9: 1 | J9: 1 | K9: Total | M9: Total
B10: Conversion | C10: =C$8*C9 -> 128 | D10: =D$8*D9 -> 64 | E10: =E$8*E9 -> 32 | F10: =F$8*F9 -> 16 | G10: =G$8*G9 -> 8 | H10: =H$8*H9 -> 4 | I10: =I$8*I9 -> 2 | J10: =J$8*J9 -> 1 | K10: =SUM($C10:$J10) -> 255 | M10: =IF($N10<16,"",LEFT(DEC2HEX($K10,2),1)) -> F | N10: =RIGHT(DEC2HEX($K10,2),1) -> F
C12: 1 | D12: 1 | E12: 1 | F12: 1 | G12: 1 | H12: 1 | I12: 1 | J12: 0
C13: =C$8*C12 -> 128 | D13: =D$8*D12 -> 64 | E13: =E$8*E12 -> 32 | F13: =F$8*F12 -> 16 | G13: =G$8*G12 -> 8 | H13: =H$8*H12 -> 4 | I13: =I$8*I12 -> 2 | J13: =J$8*J12 -> 0 | K13: =SUM($C13:$J13) -> 254 | M13: =IF($N13<16,"",LEFT(DEC2HEX($K13,2),1)) -> F | N13: =RIGHT(DEC2HEX($K13,2),1) -> E
C15: 1 | D15: 1 | E15: 1 | F15: 1 | G15: 1 | H15: 1 | I15: 0 | J15: 0
C16: =C$8*C15 -> 128 | D16: =D$8*D15 -> 64 | E16: =E$8*E15 -> 32 | F16: =F$8*F15 -> 16 | G16: =G$8*G15 -> 8 | H16: =H$8*H15 -> 4 | I16: =I$8*I15 -> 0 | J16: =J$8*J15 -> 0 | K16: =SUM($C16:$J16) -> 252 | M16: =IF($N16<16,"",LEFT(DEC2HEX($K16,2),1)) -> F | N16: =RIGHT(DEC2HEX($K16,2),1) -> C
C18: 0 | D18: 0 | E18: 1 | F18: 1 | G18: 1 | H18: 1 | I18: 1 | J18: 1
C19: =C$8*C18 -> 0 | D19: =D$8*D18 -> 0 | E19: =E$8*E18 -> 32 | F19: =F$8*F18 -> 16 | G19: =G$8*G18 -> 8 | H19: =H$8*H18 -> 4 | I19: =I$8*I18 -> 2 | J19: =J$8*J18 -> 1 | K19: =SUM($C19:$J19) -> 63 | M19: =IF($N19<16,"",LEFT(DEC2HEX($K19,2),1)) -> 3 | N19: =RIGHT(DEC2HEX($K19,2),1) -> F
C21: 0 | D21: 0 | E21: 0 | F21: 1 | G21: 1 | H21: 1 | I21: 1 | J21: 1
C22: =C$8*C21 -> 0 | D22: =D$8*D21 -> 0 | E22: =E$8*E21 -> 0 | F22: =F$8*F21 -> 16 | G22: =G$8*G21 -> 8 | H22: =H$8*H21 -> 4 | I22: =I$8*I21 -> 2 | J22: =J$8*J21 -> 1 | K22: =SUM($C22:$J22) -> 31 | M22: =IF($N22<16,"",LEFT(DEC2HEX($K22,2),1)) -> 1 | N22: =RIGHT(DEC2HEX($K22,2),1) -> F
C24: 0 | D24: 0 | E24: 0 | F24: 0 | G24: 1 | H24: 1 | I24: 1 | J24: 1
C25: =C$8*C24 -> 0 | D25: =D$8*D24 -> 0 | E25: =E$8*E24 -> 0 | F25: =F$8*F24 -> 0 | G25: =G$8*G24 -> 8 | H25: =H$8*H24 -> 4 | I25: =I$8*I24 -> 2 | J25: =J$8*J24 -> 1 | K25: =SUM($C25:$J25) -> 15 | M25: =IF($N25<16,"",LEFT(DEC2HEX($K25,2),1)) -> 0 | N25: =RIGHT(DEC2HEX($K25,2),1) -> F
C27: 1 | D27: 1 | E27: 1 | F27: 0 | G27: 0 | H27: 1 | I27: 1 | J27: 1
C28: =C$8*C27 -> 128 | D28: =D$8*D27 -> 64 | E28: =E$8*E27 -> 32 | F28: =F$8*F27 -> 0 | G28: =G$8*G27 -> 0 | H28: =H$8*H27 -> 4 | I28: =I$8*I27 -> 2 | J28: =J$8*J27 -> 1 | K28: =SUM($C28:$J28) -> 231 | M28: =IF($N28<16,"",LEFT(DEC2HEX($K28,2),1)) -> E | N28: =RIGHT(DEC2HEX($K28,2),1) -> 7

Sheet DONOTDELETE
C7: 1
C8: 2
C9: 3
C10: 4
C11: 5
C12: 6
C13: 7
